INSERT INTO location(location_id, latitude, longitude)
VALUES (1,  49.842490, 23.976991),
       (2,  49.831511, 24.006433),
       (3,  49.845970, 24.021740),
       (4,  49.850527, 24.046552),
       (5,  49.798713, 24.023125),
       (6,  49.823378, 24.149547),
       (7,  49.809595, 24.133256),
       (8,  49.814672, 24.043049),
       (9,  49.825557, 23.955552),
       (10, 49.867140, 23.954876),
       (11, 49.834424, 23.997100),
       (12, 49.799992, 24.051552),
       (13, 49.845835, 24.040900),
       (14, 49.833725, 24.001960),
       (15, 49.830131, 23.966186),
       (16, 49.854856, 24.022208),
       (17, 49.806262, 24.016454),
       (18, 49.806251, 23.983130),
       (19, 49.847422, 24.028245),
       (20, 49.869507, 24.053619),
       (21, 49.831452, 24.045433),
       (22, 49.831452, 24.045433),
       (23, 49.835597, 24.060127),
       (24, 49.803001, 24.003033),
       (25, 49.822439, 23.967341),
       (26, 49.876866, 24.042711),
       (27, 49.859605, 23.968500),
       (28, 49.803707, 23.981418),
       (29, 49.843991, 24.092071),
       (30, 49.833446, 24.007955),
       (31, 49.869822, 24.026547),
       (32, 49.871399, 24.053291),
       (33, 49.786537, 24.000818),
       (34, 49.715075, 23.992641),
       (35, 49.854799, 24.037718),
       (36, 49.812612, 24.137191),
       (37, 49.737475, 24.128606),
       (38, 49.835419, 24.030166),
       (39, 49.829519, 24.005618),
       (40, 49.871959, 24.051738),
       (41, 49.836067, 24.040691),
       (42, 49.866577, 24.037752),
       (43, 49.799539, 24.059988),
       (44, 49.871909, 24.036483),
       (45, 49.865442, 24.007140),

       (1001, 49.8382600, 24.0232400),
       (1002, 39.9075000, 116.3972300),
       (1003, 46.4774700, 30.7326200);

INSERT INTO city (city_id, city_name, city_center_location)
VALUES (1, 'Lviv',   1001),
       (2, 'Kyiv',   1002),
       (3, 'Odessa', 1003);

INSERT INTO accommodation(accommodation_id, accommodation_class, accommodation_condition, accommodation_type, built_in,
                          price, currency, city_id, location_id, description)
VALUES (1,  'ECONOMIC', 'UNSATISFACTORY', 'APARTMENT', '1973-11-01',  19500,  'USD', 1, 1,  'Продаю 1к квартиру 24 кв. м, Олесницького вулиця в районі Левандівка в Львові'),
       (2,  'ECONOMIC', 'UNSATISFACTORY', 'APARTMENT', '1950-07-01',  35000,  'USD', 1, 2,  'Гарна простора квартира поблизу Львівської політехніки, житловий стан, парковка авто, надійне капіталовкладення, як під бізнес так і під житло.'),
       (3,  'ECONOMIC', 'UNSATISFACTORY', 'APARTMENT', '1969-03-01',  34000,  'USD', 1, 3,  'Продається квартира в центрі міста з окремим входом у дворі по вул. Ляймберга С. Потребує ремонту. До квартири ще належить підвал з окремим входом 16кв.м. Закритий двір. Підійде як для житла так і для бізнесу. Офіс, нотаріальна контора, Ломбард і т.д. Деталі за тел.'),
       (4,  'ECONOMIC', 'SATISFACTORY',   'APARTMENT', '1975-08-20',  34000,  'USD', 1, 4,  'Продаж 1 кім квартири по вул. Кордуби 2\2ц. Площа 33\17\10м, гарний житловий стан, з\б перекриття, колонка на воду, МПВікна, санвузол суміщений, пічка, паркет, лічильники, великий гараж на вн. подвірї площею 40м. Ціна 34000 у.о торг при огляді.'),
       (5,  'ECONOMIC', 'SATISFACTORY',   'APARTMENT', '1976-05-01',  32000,  'USD', 1, 5,  'Квартира з ремонтом, МПВ, балкон зашклений з кімнати з МПВ, правильне планування, хрущівка, залізобетонне перекриття, центральне опалення, вмонтовані меблі, зелений гарний двір, поряд садочок, школа, зупинка маршруток, продуктовий ринок, Скай парк, Стрийський парк'),
       (6,  'ECONOMIC', 'UNSATISFACTORY', 'APARTMENT', '1983-11-01',  22000,  'USD', 1, 6,  'Продається однокімнатна квартира в цегляному будинку по вул. Кільцева м. Винники . Житловий стан , меблі . Без балкону . Поруч магазини , школа .'),
       (7,  'ECONOMIC', 'UNSATISFACTORY', 'APARTMENT', '1983-11-01',  22000,  'USD', 1, 7,  'Продаж 1-кім квартири в колишньому гуртожитку по вул. Таджицька. Власний вхід в квартиру, житловий стан, в кімнаті виведені комунікації - душ, туалет. Електрика та сантехніка замінена. Є можливість добудови. Гарне, затишне місцерозташування, паркова зона, поруч є все необхідне - магазин, аптека, зупинка, дит садочок, школа. Чудова пропозиція під здачу в довготривалу оренду. Торг! Телефонуйте в будь який зручний для вас час!!!'),
       (8,  'ECONOMIC', 'SATISFACTORY',   'APARTMENT', '1975-10-07',  24000,  'USD', 1, 8,  'Продаж 1-кім квартири по вул Героїв Крут. Площа квартири 35. 2м2 і через стінку 30м2 підвалу поверх цокольний. Індивідуальне опалення. Будинок в гарному стані. Чудове місце розташування та транспортна інфраструктура'),
       (9,  'ECONOMIC', 'SATISFACTORY',   'APARTMENT', '1972-10-07',  26000,  'USD', 1, 9,  'Продаж 1 кімнатної квартири! Вулиця Ряшівська! БЕЗ КОМІСІЇ! 21м.кВ , 9/9 поверх Житловий стан Поруч все для комфортного життя, зручне розташування. Ціна :26000$'),
       (10, 'ECONOMIC', 'SATISFACTORY',   'APARTMENT', '1980-06-12',  26000,  'USD', 1, 10, 'Код объекта: 195471. АН "Атланта" Продається однокімнатна квартира загальною площею 29 кв.м по вулиці Шевченка Рясне 1 на 3-му поверсі у малосімейці, район Сільпо Меблі залишаються поміняні вікна і вхідні двері косметичний ремонт . До 1 листопада проживають квартиранти'),
       (11, 'ECONOMIC', 'SATISFACTORY',   'APARTMENT', '1968-06-12',  40000,  'USD', 1, 11, 'Продається світла, комфортна квартира по вулиці Городоцькій з фасадними вікнами та підвалом. Квартира знаходиться в чудовій локації, 5-10 хв. від центра Львова, навпроти Приміського вокзалу, чудовий варіант як для власного, так і комерційного використання. Біля будинку розвинена інфраструктура: магазини, ТЦ, аптеки, вокзал, ресторани, ... Телефонуйте в зручний для Вас час, відповім на всі запитання та організуємо огляд даного об''єкта.'),
       (12, 'COMFORT',  'GOOD',           'APARTMENT', '1986-06-12',  40000,  'USD', 1, 12, 'ТЕРМІНОВО! Продаж ЕКСКЛЮЗИВНОЇ 1-но кімнатної квартири цегла, ВЕРХНІЙ ШУВАР! Неймовірна пропозиція за доступною ціною! Квартира суха, чиста, зроблений євроремонт, нові металопластикові вікна, новий зашклений балкон, в квартирі 2 комірчини+ підвал, додатково з преспективою на майбутнє є сухий , високий тех поверх, який може стати 2-во рівневою квартирою! ЛІФТ їзде справно і включно до 9-го поверху! Замінена проводка, сантехніка, поставлені всі лічильники, які значно економлять КП! Підїзд ідеальний ОСББ, у цій квартирі дуже економні КП послуги, район розвинутий, усі транспортні розв"язки, інфраструктура на вищому рівні! Усе залишаться окрім дивану! ЗАЇЖАЙ І ЖИВИ!'),
       (13, 'COMFORT',  'GOOD',           'APARTMENT', '1960-06-12',  41000,  'USD', 1, 13, 'ПРОДАЖ 1 к-на кв-ра в. Кривоноса ( Високий Замок), 1/2ц, 3 (XXX) XXX-XX-XX хід з під‘їзду, квартира з ремонтом, МПВ, інд. опалення діюча пічка( газ), та ел. панелі, ел. бойлер, санвузол разом( туалет, ванна, ел. сушка), продається разом з меблями та побутовою технікою, для житла або здачі в оренду, 41000$,'),
       (14, 'COMFORT',  'GOOD',           'APARTMENT', '1958-06-12',  42000,  'USD', 1, 14, 'Польський будинок, вхід по балкону в веранду, кімнати ізольовані, хороший житловий стан. Опалення пічне, МПВ вікна на фасад'),
       (15, 'ECONOMIC', 'UNSATISFACTORY', 'APARTMENT', '1975-06-12',  42000,  'USD', 1, 15, 'Продам 3 кім.кв. Вул Городоцька (Док) Площа 56 кв.м Ціна 42 000 $ 2 поверх з 5 цегляний будинок, житловий стан, двостороння, дві ізольовані кімнати і Простора вітальня, засклений балкон, всюди встановлені металопластикові вікна, санвузол роздільно. Центральне опалення. Колонка на підігрівводи. Чистий підїзд з домофон ом. розвинена інфраструктура, поруч зупинка громадського транспорту, магазини, школа, садок. Внутрішній двір, є місце для паркування автомобілів, дитячий майданчик. Ціна 42 000$ Площа 56кв.м'),
       (16, 'COMFORT',  'GOOD',           'APARTMENT', '1985-06-12',  46000,  'USD', 1, 16, 'Терміновий продаж 1 кім. квартири на проспекті Чорновола.ЦІНА ВКАЗАНА БЕЗ ПОБУТОВОЇ ТЕХНІКИ(за доплату можна домовитись щоби щось залишали)Квартира із євроремонтом, з ізольованою кімнатою, до Оперного театру 10 хвилин пішки, цегляний будинок, Чешка.Потребує ремонту туалет і ванна.Огляди за домовленістю, Можливий торг!'),
       (17, 'COMFORT',  'SATISFACTORY',   'APARTMENT', '1984-06-12',  45000,  'USD', 1, 17, 'Продається затишна 2 кімнатна квартира із ремонтом, кімнати прохідні, висота стелі 2.5, світлі кімнати, будинок у хорошому стані.Вигоди окремо, не високі комунальні.Можливий торг, дзвоніть!'),
       (18, 'COMFORT',  'SATISFACTORY',   'APARTMENT', '1974-06-12',  45000,  'USD', 1, 18, 'Вітаю. Реальна пропозиція! Продаж 2 кім квартири по вул. Кульпарківська (перехрестя Кульпарківська - Наукова). Загальна площа 52 м.кв. Поверх 1 (високий) з 9. Правильне планування, кімнати ізольовані, санвузол роздільний. Замінено трупи водопостачання. МПВ. Паркет добрий по всій квартирі. У вітальні і ванній зроблений ремонт, решта квартири потребує ремонту. Є балкон (засклений), 2 кладови і підвал. Опалення централізоване. Створено ОСББ. Район з чудовою локацією. Поряд ТЦ Вікторія Гарденс, Ашан, Океан, прод. ринок. Розвинена інфраструктура, дитячі майданчики, ліцей. Ціна 45 000$ (обговорюється) Телефонуйте, з радістю надам необхідну інформацію. З повагою, АН Рідний Дім.'),
       (19, 'COMFORT',  'PERFECT',        'APARTMENT', '2014-06-12',  48000,  'USD', 1, 19, 'Продаж однокімнатної квартири ЖК Зубра-Комфорт, по вулиці Богдана Хмельницького 33А Зубра (Сихів). Квартира з авторським ремонтом, сучасні меблі і побутова техніка. Підігрів підлоги (кухня, коридор, ванна), сигналізація. Індивідуальне опалення (прибудинкова котельня). 8 поверх з 9, квартира не кутова, вікна виходять на південний захід. Новобуд. Прибудинкова територія закрита (автоматичні ворота для мешканців комплексу). На території є дитячий майданчик та паркомісця.'),
       (20, 'COMFORT',  'SATISFACTORY',   'APARTMENT', '1993-06-12',  47500,  'USD', 1, 20, 'Продаж 2-х кім.квартири по вул.Творча, 7/10, Ц.О., цегла.чешка, 53/29/7, 9Фонд 1998 р.Кімнати ізольовані, санвузол роздільний, є балкон і лоджія.Квартира в хорошому стані.Плитка на підлозі в ванні, туалеті, коридорі.В кімнатах на підлозі ДСП покрите ковроліном (чудове покриття для ламінату).'),
       (21, 'COMFORT',  'GOOD',           'APARTMENT', '1986-06-12',  48000,  'USD', 1, 21, 'Продаж 3к квартири, вул. Левицького(Винники), площа 89, 4м. Будинок на 6 квартир, квартира займає перший ( великий санвузол і коридор) і другий поверх три кімнати, кухня, санвузол, опалення індивідуальне котел, вхід в квартиру індивідуальний, прибудинкова територія, фасад утеплений, ремонту 5 років, залишають кухню. Також можна придбати гараж з документами , який на території, гарне місце( центр Винники), бруківка, запрошуємо на огляд!'),
       (22, 'COMFORT',  'PERFECT',        'APARTMENT', '2020-06-12',  50000,  'USD', 1, 22, 'Продається однокімнатна квартира в новобудові по вул. Винна Гора в м. Винники . Свіжий ремонт , нові меблі і техніка . Індивідуальне опалення котел , підігрів підлоги . Є підвал .'),
       (23, 'COMFORT',  'GOOD',           'APARTMENT', '2020-06-12',  50000,  'USD', 1, 23, 'Продаж 3кім. квартири на вул. Котика. Загальна площа 55 кв. м. Поверх 1/5. Цегляний будинок. 2 кімнати ізольовані, одна прохідна. Санвузол роздільний. Хороший житловий стан. Індивідуальне опалення(котел). Є підвал. Ціна 50000$'),
       (24, 'ECONOMIC', 'SATISFACTORY',   'APARTMENT', '1976-06-12',  51000,  'USD', 1, 24, 'АКЦІЯ !!!! тільки в серпні 3 к квартира за 50 000$ !!!'),
       (25, 'COMFORT',  'GOOD',           'APARTMENT', '1987-06-12',  52000,  'USD', 1, 25, 'Продаж 2-х кімнатної квартири по вул.Патона , відмінний стан , дорогий ремонт , вигоди окремо , балкон зашклений , дерев''яні склопакети , в квартирі залишаються все ( меблі і побутова техніка ) , зручна локація будинку , поруч Арсен , зупинки громадського транпорту , садочок , школа.Для колег і агенств без співпраці.'),
       (26, 'ELITE',    'PERFECT',        'APARTMENT', '2020-06-12',  53000,  'USD', 1, 26, 'Супер затишна і компактна квартира в новобудові! Продаж дуже гарної 1 к. кв в новобудові по вул. Очеретяна (Миколайчука). • Площа 30, 5 м² • Поверх 4 з 9 • Квартира повністю з сучасним ремонтом • Підігрів підлоги по всій квартирі, крім спальні • Широкі підвіконня на яких можна сидіти та читати книжку • Вбудована кухня з усією необхідною побутовою технікою • Двохспальне ліжко з підйомним механізмом • Затишна робоча зона • Вікна виходять в дуже зелений двір. При продажі залишаються всі меблі та техніка! В квартирі вбудована система РОЗУМНИЙ БУДИНОК. Вся сучасна та якісна електрика та сантехніка. Ціна - 53 000 $ Є детальне відео квартири. Скину в приватні повідомлення'),
       (27, 'COMFORT',  'GOOD',           'APARTMENT', '2020-06-12',  54000,  'USD', 1, 27, 'Продається квартира по вул. Шевченка 134A(новобудова). Простора, соняшна, з євроремонтом, чудовий вигляд з вікна, балкон засклений. Будинок доглянутий з відеонаглядом. Чудовий дитячий манданчик у дворі, підземний паркінг. Більше на сайті ан "Магнат". Реальні обєкти, реальні фото, реальні ціни. Потрібен інший варіант? Телефонуйте - запропонуємо. Більшість наших об''єктів не в рекламі.'),
       (28, 'COMFORT',  'SATISFACTORY',   'APARTMENT', '1972-06-12',  54000,  'USD', 1, 28, 'Продається чотирикімнатна квартира в районі Вікторії Гарденс по вул. Кульпарківська. Квартира має три роздільні та одну суміжну житлову кімнату. В квартирі наявні три заскленні лоджії. Санвузли роздільні, просторий коридор. Стан кімнат - житловий. Вікна на лоджіях замінені на металопластикові, виходять на південь та на захід. Опалення централізоване. Для обігріву води встановлено електричний бойлер на 80 літрів. На підлозі постелено паркет, у санвузлах - плитка. Вхід до квартири організовано через тамбур, який розрахований на дві квартири. Вхідні двері у тамбурі та у квартирі замінено на металеві. Бонусом до квартири стане кладова площею 6 м кв., яка розміщена між першим та другим поверхом, та підвальне приміщення. Також за додаткову плату можна придбати металевий гараж площею 18 м кв., який знаходиться в гаражному кооперативі поблизу будинку. Ліфт в будинку працює справно. В під''їзді встановлено металопластикові вікна та обладнано домофон. Поруч з будинком знаходиться ліцей, дитячий садок, відділення банків, продуктові магазини, дитячі майданчики. Гарне транспортне сполучення з кільця біля Вікторії Гарденс, звідки курсують маршрутні автобуси і тролейбуси. Чекаємо на Ваші дзвінки!'),
       (29, 'ELITE',    'PERFECT',        'APARTMENT', '2018-06-12',  54000,  'USD', 1, 29, 'Продаємо однокімнатну квартиру в новому будинку жк Щасливий. Квартиру Продаємо з меблями зі всією технікою на кухні . Квартиру робили для себе в ній все зроблено все міняли від забудовника, практично і надійно.Квартиру переплановували , є велика кухня студія , маленька спальня, гардеробна і ванна. Звертайтесь будемо раді (((((прохання марклерів не телефонувати.)))))))'),
       (30, 'ECONOMIC', 'SATISFACTORY',   'APARTMENT', '1939-06-12',  55000,  'USD', 1, 30, 'Продаж 2 кім квартири в ближньому центрі вул. Київська Площа 51, 1 м2, поверх 2/3. Є ще підвал. Ціна 55.000 дол Вхід зі сходової клітки в коридор, опалення індивідуальне (котел) радіатори розведені, кімнати прохідні , стіни можна зносити робити перепланування на свій лад, вікна металопластикові у двір, паркет в дуже хорошому стані, подвіря світле велике'),
       (31, 'COMFORT',  'PERFECT',        'APARTMENT', '2018-06-12',  55000,  'USD', 1, 31, 'Новобудова Ріел Моне, здана заселена, повний евроремонт, кухня студіо, вмонтована кухня, індивід опалення, готові документи, вільна вже'),
       (32, 'ELITE',    'PERFECT',        'APARTMENT', '2018-06-12',  57500,  'USD', 1, 32, 'Продаж 3х кімнатної квартири вул. Грінченка. Гарне планування, кухня вітальня. зроблений дизайнерський ремонт. Поміняно електрику, сантехніку. Металопластикові вікна, зашкалений балкон. Квартира дуже світла і тепла. Приємні сусіди. Розвинена інфраструктура в районі: 3 садочки, 2 школи, супермаркети, ринок, зупинки громадського транспорту, все в пішій доступності. Можливий обмін на будинок або земельну ділянку в 10 км зоні біля Львова. Ціна 57500$.'),
       (33, 'ECONOMIC', 'UNSATISFACTORY', 'HOUSE',     '2004-06-12',  30000,  'USD', 1, 33, 'У вартість також входить ділянка навпроти 3 сотих'),
       (34, 'ECONOMIC', 'UNSATISFACTORY', 'HOUSE',     '2002-06-12',  47000,  'USD', 1, 34, 'Код объекта: 187800. АН "Атланта" Продажа части дома в Липниках. Каждая часть дома с отдельным входом. Кухня с камином, три изолированные спальни, санузел с душевой, и балкон. Гараж, погреб. Все коммуникации качественно проведены, свет, газ. Два колодке и скважина. Участок 5сот. для одной части дома. Сад, участок с плодовыми деревьями, кустами и ведения личного крестьянского хозяйства. В саду есть летний столик и мангал, прекрасное место для компании в летние и весенние вечера. Неподалеку детская площадка и футбольное поле. Лес. Магазин и Маршрутный транспорт в пешей доступности. К ТЦ Ашан Кинг Кросс 10 мин машиной. Звоните!'),
       (35, 'COMFORT',  'GOOD',           'HOUSE',     '2016-06-12',  98000,  'USD', 1, 35, 'Продаж будинку-спарки по вул. Донецька (ближній центр) 2 поверхи+мансарда. Площа 134м(+67м), частково ремонт зроблений , індивдуальне опалення (котел встановлений), підігрів підлоги на 1 пов., МПвікна, бойлер, міжкімнатні двері, ламінат, всі лічильники, балкон, підвал на всю площу будинку. На другому поверсі 2 кімнати готові до заїзду. Парковка на подвір.ї для 2 машин. 10 хв.до центру. Поряд школа, садочок, парк Високий Замок. Земельна ділянка площею 1с. Ціна 98000 у.о. торг. Огляд в зручний для вас час.'),
       (36, 'COMFORT',  'SATISFACTORY',   'HOUSE',     '1999-06-12',  100000, 'USD', 1, 36, 'Будинок в цетрі м.Винник, в районі готелю Святослав , можлива перебудова на дві сім''ї. Розглядаємо різні варіанти'),
       (37, 'ELITE',    'PERFECT',        'HOUSE',     '2014-06-12',  135000, 'USD', 1, 37, 'с. Давидів (15 хв до Львова) Вартість 135 000$ ▪️Загальна площа: 195 м² ▪️Поверховість: 2 ▪️Кількість кімнат:5 ▪️Cанвузол: 2 і більше ▪️Площа ділянки: 10 соток ▪️Рік побудови / здачі: XXXX - XXXX ▫️Зовнішнє утеплення стін: Пінопласт ▫️Тип покрівлі: Металочерепиця ▫️Опалення: Індивідуальне газове ▫️Ремонт: Авторський проєкт ▪️Побутова техніка ▪️ Посудомийна машина, Холодильник, Варильна панель, Мікрохвильова піч, Духова шафа, Плита, Пральна машина ▪️Мультимедіа▪️ Супутникове ТБ, Телевізор ▪️Комфорт▪️ Автоматичні ворота, Огорожа, Камін, Підігрів підлоги, Душова кабіна, Сигналізація, Тераса ▪️Комунікації ▪️ Електрика, Вивіз відходів, Газ, Каналізація септик, Скважина ▪️Інфраструктура▪️ (до 500 метрів): Аптека, Лікарня, поліклініка, Дитячий садок, Ресторан, кафе, Школа, Магазин, кіоск, Супермаркет, ТРЦ, Зупинка транспорту ▪️Відстань до найближчого міста: до 10 км.'),
       (38, 'ECONOMIC', 'SATISFACTORY',   'APARTMENT', '1939-06-12',  135000, 'USD', 1, 38, 'Продаж 4 к. Квартири вул.Мартовича, поверх 3/3, австрійський будинок, правильне планування, над квартирою горище 8 кв м, на поверсі 2 квартири, загальна площа 120 кв м, площа кухні 26 кв м, 3 кімнати ізольовані 1 прохідна, 2 балкона в кухні і кімнаті, санвузол спільний, опалення індивідуальне, підігрів підлоги на кухні і в санвузлі, квартира з ремонтом АН + 1'),
       (39, 'COMFORT',  'SATISFACTORY',   'APARTMENT', '1940-06-12',  160000, 'USD', 1, 39, 'Продаж квартири в Польському Люксі в елітному районі по вул. Мельника. Площа 122/84/12 м2 , поверх 3/4. Є підвал 10 м2 Ціна 160.000 дол Правильне планування залізобетонне перекриття висота стелі 3 метри, вигоди роздільні, дві комірки два балкони, велика кухня індивідуальне опалення (котел), колонка на воду, броньовані двері, сигналізація, кондиціонери 4 шт, добротний паркет, відреставровані міжкімнатні рідні двері та вікна. Три кімнати ізольовані, одна прохідна.'),
       (40, 'COMFORT',  'SATISFACTORY',   'APARTMENT', '1938-06-12',  50000,  'USD', 1, 40, 'Продається двокімнатна квартира по вул. Грінченка в цегляному будинку . Чешка , кімнати ізольовані , балкон . Частковий ремонт , нова сантехніка. Поруч школа , дитсадок ./84/12 м2 , поверх 3/4. Є підвал 10 м2 Ціна 160.000 дол Правильне планування залізобетонне перекриття висота стелі 3 метри, вигоди роздільні, дві комірки два балкони, велика кухня індивідуальне опалення (котел), колонка на воду, броньовані двері, сигналізація, кондиціонери 4 шт, добротний паркет, відреставровані міжкімнатні рідні двері та вікна. Три кімнати ізольовані, одна прохідна.'),
       (41, 'ECONOMIC', 'SATISFACTORY',   'APARTMENT', '1978-06-12',  51000,  'USD', 1, 41, 'Квартира (від власника) у тихому районі неподалік площі Короля Данила, поряд - Храм Пресвятої Трійці, парк Університету ветеринарної медицини, медична клініка "Тріомед", факультет міжнародних економічних відносин торгівельно-економічного універститету, ліцей № 6, дитсадочок № 9./84/12 м2 , поверх 3/4. Є підвал 10 м2 Ціна 160.000 дол Правильне планування залізобетонне перекриття висота стелі 3 метри, вигоди роздільні, дві комірки два балкони, велика кухня індивідуальне опалення (котел), колонка на воду, броньовані двері, сигналізація, кондиціонери 4 шт, добротний паркет, відреставровані міжкімнатні рідні двері та вікна. Три кімнати ізольовані, одна прохідна.'),
       (42, 'COMFORT',  'GOOD',           'APARTMENT', '1986-06-12',  53300,  'USD', 1, 42, '2-х кімнатна квартира з ремонтом Квартира в теплому цегляному будинку Поруч садочок школа, магазини, супермаркети Тут затишно, спокійно та дуже тихо До центру 15 хв Телефонуйте сюди XXXXXXXXXX/84/12 м2 , поверх 3/4. Є підвал 10 м2 Ціна 160.000 дол Правильне планування залізобетонне перекриття висота стелі 3 метри, вигоди роздільні, дві комірки два балкони, велика кухня індивідуальне опалення (котел), колонка на воду, броньовані двері, сигналізація, кондиціонери 4 шт, добротний паркет, відреставровані міжкімнатні рідні двері та вікна. Три кімнати ізольовані, одна прохідна.'),
       (43, 'ELITE',    'PERFECT',        'APARTMENT', '2016-06-12',  58000,  'USD', 1, 43, 'Продається кв. в новобудові по вул.Манастирського, Сихів. Будинок зданий, всі комунікації та ліфти працюють. ОСББ. Квартира не кутова. Гарний вигляд з вікон. Простора спальня, кухня з виходом на лоджію. Лоджія опалюється. Квартира повністю вмебльована. Є вся необхідна побутова техніка: плазмова панель, холодильник, пральна машина, газова поверхня, духова шафа. Індивідуальне опалення - 2контурний газовий котел, підігрів підлоги, радіатори. Сигналізація. Зволоження повітря. Фільтри на воду. Домофон. Інтернет. Багаторівневе та зоноване освітлення. Облаштована простора гардеробна кімната. Тамбур на дві квартири. Можна використовувати для зберігання речей. На території ЖК дитячі майданчики, відпочинкові зони, подвір''я без машин. Поруч школи, садочки, кінотеатр, магазини, вся необхідна для комфортного проживання інфраструктура. Будинок повністю заселений, немає відчуття "мурашника". Оформлене право власності./84/12 м2 , поверх 3/4. Є підвал 10 м2 Ціна 160.000 дол Правильне планування залізобетонне перекриття висота стелі 3 метри, вигоди роздільні, дві комірки два балкони, велика кухня індивідуальне опалення (котел), колонка на воду, броньовані двері, сигналізація, кондиціонери 4 шт, добротний паркет, відреставровані міжкімнатні рідні двері та вікна. Три кімнати ізольовані, одна прохідна.'),
       (44, 'COMFORT',  'SATISFACTORY',   'APARTMENT', '1975-06-12',  59000,  'USD', 1, 44, 'Продається 3-кімнатна квартира по вул.Мазепи (район Балатону), зручне розташування, некутова, балкон і велика лоджія, ремонту 15 років, хороша сантехніка, підлога в кухні і коридорі-плитка, пластикові вікна, кондиціонер, залишається шафа-купе в коридорі. Вільний продаж, без заміни. Документи готові. Огляди по домовленості.'),
       (45, 'ELITE',    'PERFECT',        'APARTMENT', '2017-06-12',  60500,  'USD', 1, 45, 'Пропонуємо вашій увазі 1-кімнатну квартиру по вул.Малоголосківська, ЖК Делюкс. Квартира світла, затишна, панорамні вікна, велика тераса( 13 м), повний ремонт:утеплений дах, тепла підлога по всій квартирі, пульт управління опаленням, дорога іспанська плитка на підлозі в кухні, ванні, коридорі, сигналізація, ванна, душ-трап, унітаз Геберит, вивід під кондиціонер, вивід під електричну маркізу, 70 точок електрики, сучасна дорога кухня, найкраща техніка( вмонтований холодильник Самсунг, вмонтована пральна машинка LG, духова шафа з поверхнею Електролюкс італійської збірки, в кімнаті велика шафа купе, ортопедичний диван Константа, стінка-тумба, гардини. На 100% готова до проживання!');

INSERT INTO room (room_id, square, floor, accommodation_id)
VALUES (1,  24,    1, 1),
       (2,  26.94, 5, 2),
       (3,  25,    1, 3),
       (4,  33,    1, 4),
       (5,  25,    3, 5),
       (6,  29,    1, 6),
       (7,  25,    1, 7),
       (8,  35,    4, 8),
       (9,  21,    9, 9),
       (10, 29,    3, 10),
       (11, 24.5,  1, 11), (12, 8.8,  1, 11),
       (13, 37,    9, 12),
       (14, 31,    5, 13),
       (15, 42,    2, 14),
       (16, 20,    2, 15), (17, 25,   2, 15), (18, 11, 2, 15),
       (19, 33.3,  5, 16),
       (20, 45,    5, 17),
       (21, 30,    5, 18), (22, 22,   5, 18),
       (24, 38,    8, 19),
       (25, 30,    1, 20), (26, 24,   2, 20),
       (27, 30,    1, 21), (28, 30,   1, 21), (29, 29, 1, 21),
       (30, 50,    7, 22),
       (31, 20,    1, 23), (32, 10,   1, 23), (33, 5, 1, 23),
       (34, 37.5,  1, 24), (35, 17.8, 1, 24), (36, 6.9, 1, 24),
       (37, 30,    9, 25), (38, 22,   9, 25),
       (39, 31,    4, 26),
       (40, 45,    3, 27),
       (41, 26,    2, 28), (42, 20,   2, 28), (43, 17, 2, 28),  (44, 10, 2, 28),
       (45, 40,    8, 29),
       (46, 31.1,  2, 30), (47, 20,   2, 30),
       (48, 40,    8, 31),
       (49, 23,    3, 32), (50, 20,   3, 32), (51, 20, 3, 32),
       (52, 40,    3, 33), (53, 40,   3, 33),
       (54, 60,    1, 34), (55, 30,   2, 34), (56, 25, 2, 34),
       (57, 70,    1, 35), (58, 40,   2, 35), (59, 25, 2, 35),
       (60, 40,    1, 36), (61, 40,   1, 36), (62, 40, 1, 36),  (63, 40, 1, 36), (64, 40, 2, 36), (65, 40, 2, 36), (66, 40, 2, 36),
       (67, 40,    1, 37), (68, 40,   1, 37), (69, 20, 1, 37),  (70, 40, 2, 37), (71, 50, 2, 37),
       (72, 30,    3, 38), (73, 30,   3, 38), (74, 30, 3, 38),  (75, 30, 3, 38),
       (76, 32.2,  3, 39), (77, 30,   3, 39), (78, 30, 3, 39),  (79, 30, 3, 39),
       (80, 30,    8, 40), (81, 22,   8, 40),
       (82, 30,    3, 41), (83, 21.3, 3, 41),
       (84, 30,    3, 42), (85, 29,   3, 42),
       (86, 45,    2, 43),
       (87, 25,    5, 44), (88, 20,   5, 44),  (89, 20, 5, 44),
       (90, 46,    9, 45);

INSERT INTO media (media_id, url, accommodation_id)
VALUES (1, 'https://www.shu.ac.uk/-/media/home/study-here/accommodation/accommodation/images/hallspromoimg.jpg?iar=0&hash=0409116FD4587A98E19193CAE27758CC', 1),
       (2, 'https://cf.bstatic.com/xdata/images/hotel/max1024x768/258884793.jpg?k=ace520a44e8ee4fdaa85934074ffc6f9e9f4391672b6be2a6189cef15211d613&o=&hp=1', 1),
       (3, 'https://encrypted-tbn0.gstatic.com/images?q=tbn:ANd9GcRJKfbqc33pHnBkJ9nA7vcqTf1sJCLsEpaxzA&usqp=CAU', 1),
       (4, 'https://media-cdn.tripadvisor.com/media/photo-s/13/1c/90/04/gundagai-tourist-accommodation.jpg', 2),
       (5, 'https://media-cdn.tripadvisor.com/media/photo-s/0d/3a/75/3c/accommodation-london.jpg', 2),
       (6, 'https://www.aston.ac.uk/sites/default/files/2020-11/accommodation-new-students-card.jpg', 2),
       (7, 'https://encrypted-tbn0.gstatic.com/images?q=tbn:ANd9GcR7TlRPv7JjTsElby3XBFGKwBvCyDlJkOX6Vq8lb4Ul4stN2bJYTiQhplgAehmngKA5wZs&usqp=CAU', 3),
       (8, 'https://www.canterbury.ac.nz/life/accommodation/temporary/Sonoda-Temp-accom_127832166035890251.jpg', 3),
       (9, 'https://vntu.edu.ua/sites/default/files/images/1_0.jpg', 3),
       (10, 'https://vntu.edu.ua/sites/default/files/images/1_0.jpg', 4),
       (11, 'https://vntu.edu.ua/sites/default/files/images/1_0.jpg', 4),
       (12, 'https://vntu.edu.ua/sites/default/files/images/1_0.jpg', 4),
       (13, 'https://encrypted-tbn0.gstatic.com/images?q=tbn:ANd9GcS6x_5NnFoo8OMVOV0KDVXWmETLm20ef4I5NLpWDtAC_F_u4L3W0TffTgA3JwoG210bfzE&usqp=CAU', 5),
       (14, 'https://encrypted-tbn0.gstatic.com/images?q=tbn:ANd9GcRkKhPQleB20mreoD290m6a4ata8miE0q6m6HYfNIhma7MuxfeLTEYFx2jnijLBeaVdBw4&usqp=CAU', 5),
       (15, 'https://www.collegiate-ac.com/propeller/uploads/sites/2/2019/09/the-neighbourhood-exeter-student-accommodation-5-1075x788.jpg', 5),
       (16, 'https://encrypted-tbn0.gstatic.com/images?q=tbn:ANd9GcRJAautftpdLgWVbtXaI8aTEn1Qx-JRa0ON-g&usqp=CAU', 6),
       (17, 'https://i.pinimg.com/originals/f9/a9/72/f9a972c5fc136f5e2c5b3789b9738915.jpg', 6),
       (18, 'https://encrypted-tbn0.gstatic.com/images?q=tbn:ANd9GcRcPLW9tK6_FHpAi5yQ0vpd1dkKXQO5WGFPZw&usqp=CAU', 6),
       (19, 'https://exp.cdn-hotels.com/hotels/13000000/12070000/12064600/12064590/aa1651f7_z.jpg?impolicy=fcrop&w=500&h=333&q=medium', 7),
       (20, 'https://encrypted-tbn0.gstatic.com/images?q=tbn:ANd9GcSdZ2yxJCD2fIxNtDzp35OoqTGDuLOkIhDe9g&usqp=CAU', 7),
       (21, 'https://www.collegiate-ac.com/propeller/uploads/sites/2/2019/09/roman-house-derby-student-accommodation-1-1075x788.jpg', 7),
       (22, 'https://www.studentletsuk.com/wp-content/uploads/2020/08/roman_house_.jpg', 8),
       (23, 'https://collegiate-portal.s3.eu-west-2.amazonaws.com/collegiate-derby-romanhouse-twodio.jpg', 8),
       (24, 'http://cdn.shopify.com/s/files/1/0004/4630/0222/articles/top-10-modern-interior-designers_7aa91b70-0ecf-441f-845b-067c09148d05_1024x1024.jpg?v=1582196808', 8),
       (25, 'https://q-xx.bstatic.com/xdata/images/hotel/840x460/95024620.jpg?k=df17293ee20498e7a4bd952c3df0d527eb111fc6ca10a78c5601229eb60752be&o=', 9),
       (26, 'https://encrypted-tbn0.gstatic.com/images?q=tbn:ANd9GcSUvcWw3DJEry8qgFJyxyZdILc8l8iunKpl_A&usqp=CAU', 9),
       (27, 'https://encrypted-tbn0.gstatic.com/images?q=tbn:ANd9GcSdZ2yxJCD2fIxNtDzp35OoqTGDuLOkIhDe9g&usqp=CAU', 9),
       (28, 'https://encrypted-tbn0.gstatic.com/images?q=tbn:ANd9GcSkBIRg1nvlkOBctXvKDkqKJoL2OiVn49FooA&usqp=CAU', 10),
       (29, 'https://encrypted-tbn0.gstatic.com/images?q=tbn:ANd9GcQY0NGZFQZDiM4NNxRJq4SwdGOy3hOEgqfn45uzdJQAd0gzWWG9i36f6dT-mp1CBy1McFo&usqp=CAU', 10),
       (30, 'https://www.taylorstracks.com/wp-content/uploads/2020/12/Rydges-Wellington-New-Zealand.jpg', 10),
       (31, 'https://nzpocketguide.com/wp-content/uploads/2019/10/Wellington-best-hotels-Credit-Rydges-Wellington.jpg', 11),
       (32, 'https://3dwarehouse.sketchup.com/warehouse/v1.0/publiccontent/54aa2c88-fbab-4584-b22f-2b6b636b0d3f', 11),
       (33, 'https://encrypted-tbn0.gstatic.com/images?q=tbn:ANd9GcSXG8NzKwYHNwAgJy5XNpYMhBsn692aqUimd1lM18Kd0CmreKx5YON6bbUeMzOm6yUSWg0&usqp=CAU', 11),
       (34, 'https://cf.bstatic.com/xdata/images/hotel/max1024x768/298463552.jpg?k=8d24491d01c2170c659a46da2441a6f3174de150abf11aff25afe3bf131a3df0&o=&hp=1', 12),
       (35, 'https://q-xx.bstatic.com/images/hotel/max1024x768/950/95030981.jpg', 12),
       (36, 'https://q-xx.bstatic.com/xdata/images/hotel/840x460/95024620.jpg?k=df17293ee20498e7a4bd952c3df0d527eb111fc6ca10a78c5601229eb60752be&o=', 12);