INSERT INTO location(location_id, longitude, latitude)
VALUES (1,  49.833539, 23.981344),
       (2,  49.815794, 24.034479),
       (3,  49.846283, 24.023344),
       (4,  49.847574, 24.010073),
       (5,  49.839109, 24.059302),
       (6,  49.831146, 24.024529),
       (7,  49.809595, 24.133256),
       (8,  49.801908, 24.029471),
       (9,  49.854518, 24.047553),
       (10, 49.815721, 24.052720),
       (11, 49.835500, 24.028163),
       (12, 49.837866, 24.055181),

       (1001, 49.8382600, 24.0232400),
       (1002, 39.9075000, 116.3972300),
       (1003, 46.4774700, 30.7326200);

INSERT INTO city (city_id, city_name, city_center_location)
VALUES (1, 'Lviv',   1001),
       (2, 'Kyiv',   1002),
       (3, 'Odessa', 1003);

INSERT INTO accommodation(accommodation_id, accommodation_class, accommodation_condition, accommodation_type, built_in,
                          description, distance_to_city_center, price, currency, total_area, square_meter_price,
                          city_id, location_id)
VALUES (1, 'ECONOMIC', 'UNSATISFACTORY', 'APARTMENT', CURRENT_TIMESTAMP, 'Affordable apartment',                 4.7, 15000,  'USD', 40,    375, 1, 1),
       (2, 'ECONOMIC', 'UNSATISFACTORY', 'HOUSE',     CURRENT_TIMESTAMP, 'Affordable apartment',                 5.3, 16000,  'USD', 44.5,  360, 1, 2),
       (3, 'ECONOMIC', 'SATISFACTORY',   'APARTMENT', CURRENT_TIMESTAMP, 'Affordable apartment',                 3.3, 19000,  'USD', 47.9,  397, 1, 3),
       (4, 'COMFORT',  'SATISFACTORY',   'APARTMENT', CURRENT_TIMESTAMP, 'Comfortable apartment',                4.9, 24000,  'USD', 58.5,  410, 1, 4),
       (5, 'COMFORT',  'SATISFACTORY',   'HOUSE',     CURRENT_TIMESTAMP, 'Lovely family house...',               6.1, 45000,  'USD', 112.5, 400, 1, 5),
       (6, 'COMFORT',  'GOOD',           'APARTMENT', CURRENT_TIMESTAMP, 'Comfortable apartment',                2.1, 40000,  'USD', 88.9,  450, 1, 6),
       (7, 'BUSINESS', 'GOOD',           'OFFICE',    CURRENT_TIMESTAMP, '"Decent office for your business..."', 3.4, 110000, 'USD', 275,   400, 1, 7),
       (8, 'BUSINESS', 'GOOD',           'OFFICE',    CURRENT_TIMESTAMP, '"Decent office for your business..."', 4.2, 120000, 'USD', 279,   430, 1, 8),
       (9, 'BUSINESS', 'PERFECT',        'OFFICE',    CURRENT_TIMESTAMP, '"Decent office for your business..."', 1.2, 150000, 'USD', 333.3, 450, 1, 9),
       (10, 'ELITE',   'PERFECT',        'HOUSE',     CURRENT_TIMESTAMP, 'Lovely family house...',               5.9, 180000, 'USD', 300,   600, 1, 10),
       (11, 'ELITE',   'PERFECT',        'HOUSE',     CURRENT_TIMESTAMP, 'Luxurious house...',                   7.4, 300000, 'USD', 400,   750, 1, 11),
       (12, 'ELITE',   'PERFECT',        'APARTMENT', CURRENT_TIMESTAMP, 'Luxurious apartment...',               0.4, 160000, 'USD', 250,   640, 1, 12);

INSERT INTO room (room_id, square, floor, accommodation_id)
VALUES (1,  20, 5, 1),   (2,  15, 5, 1),
       (3,  25, 1, 2),   (4,  20, 2, 2),
       (5,  23, 6, 3),   (6,  24, 5, 3),
       (7,  30, 4, 4),   (8,  24, 5, 4),
       (9,  27, 1, 5),   (10, 29, 1, 5),   (11, 31, 2, 5),
       (12, 35, 8, 6),   (13, 26, 5, 6),   (14, 28, 5, 6),
       (15, 29, 7, 7),   (16, 24, 5, 7),   (17, 26, 5, 7),
       (18, 35, 1, 8),   (19, 40, 5, 8),   (20, 50, 5, 8),
       (21, 47, 2, 9),   (22, 53, 5, 9),   (23, 55, 5, 9),
       (24, 57, 1, 10),  (25, 49, 1, 10),  (26, 54, 2, 10),
       (27, 55, 1, 11),  (28, 59, 1, 11),  (29, 46, 1, 11),
       (30, 47, 11, 12), (31, 41, 11, 12), (32, 53, 11, 12),  (33, 47, 11, 12);

INSERT INTO media (media_id, url, accommodation_id)
VALUES (1, 'https://www.shu.ac.uk/-/media/home/study-here/accommodation/accommodation/images/hallspromoimg.jpg?iar=0&hash=0409116FD4587A98E19193CAE27758CC', 1),
       (2, 'https://cf.bstatic.com/xdata/images/hotel/max1024x768/258884793.jpg?k=ace520a44e8ee4fdaa85934074ffc6f9e9f4391672b6be2a6189cef15211d613&o=&hp=1', 1),
       (3, 'https://encrypted-tbn0.gstatic.com/images?q=tbn:ANd9GcRJKfbqc33pHnBkJ9nA7vcqTf1sJCLsEpaxzA&usqp=CAU', 1),
       (4, 'https://media-cdn.tripadvisor.com/media/photo-s/13/1c/90/04/gundagai-tourist-accommodation.jpg', 2),
       (5, 'https://media-cdn.tripadvisor.com/media/photo-s/0d/3a/75/3c/accommodation-london.jpg', 2),
       (6, 'https://www.aston.ac.uk/sites/default/files/2020-11/accommodation-new-students-card.jpg', 2),
       (7, 'https://encrypted-tbn0.gstatic.com/images?q=tbn:ANd9GcR7TlRPv7JjTsElby3XBFGKwBvCyDlJkOX6Vq8lb4Ul4stN2bJYTiQhplgAehmngKA5wZs&usqp=CAU', 3),
       (8, 'https://www.canterbury.ac.nz/life/accommodation/temporary/Sonoda-Temp-accom_127832166035890251.jpg', 3),
       (9, 'https://vntu.edu.ua/sites/default/files/images/1_0.jpg', 3),
       (10, 'https://vntu.edu.ua/sites/default/files/images/1_0.jpg', 4),
       (11, 'https://vntu.edu.ua/sites/default/files/images/1_0.jpg', 4),
       (12, 'https://vntu.edu.ua/sites/default/files/images/1_0.jpg', 4),
       (13, 'https://encrypted-tbn0.gstatic.com/images?q=tbn:ANd9GcS6x_5NnFoo8OMVOV0KDVXWmETLm20ef4I5NLpWDtAC_F_u4L3W0TffTgA3JwoG210bfzE&usqp=CAU', 5),
       (14, 'https://encrypted-tbn0.gstatic.com/images?q=tbn:ANd9GcRkKhPQleB20mreoD290m6a4ata8miE0q6m6HYfNIhma7MuxfeLTEYFx2jnijLBeaVdBw4&usqp=CAU', 5),
       (15, 'https://www.collegiate-ac.com/propeller/uploads/sites/2/2019/09/the-neighbourhood-exeter-student-accommodation-5-1075x788.jpg', 5),
       (16, 'https://encrypted-tbn0.gstatic.com/images?q=tbn:ANd9GcRJAautftpdLgWVbtXaI8aTEn1Qx-JRa0ON-g&usqp=CAU', 6),
       (17, 'https://i.pinimg.com/originals/f9/a9/72/f9a972c5fc136f5e2c5b3789b9738915.jpg', 6),
       (18, 'https://encrypted-tbn0.gstatic.com/images?q=tbn:ANd9GcRcPLW9tK6_FHpAi5yQ0vpd1dkKXQO5WGFPZw&usqp=CAU', 6),
       (19, 'https://exp.cdn-hotels.com/hotels/13000000/12070000/12064600/12064590/aa1651f7_z.jpg?impolicy=fcrop&w=500&h=333&q=medium', 7),
       (20, 'https://encrypted-tbn0.gstatic.com/images?q=tbn:ANd9GcSdZ2yxJCD2fIxNtDzp35OoqTGDuLOkIhDe9g&usqp=CAU', 7),
       (21, 'https://www.collegiate-ac.com/propeller/uploads/sites/2/2019/09/roman-house-derby-student-accommodation-1-1075x788.jpg', 7),
       (22, 'https://www.studentletsuk.com/wp-content/uploads/2020/08/roman_house_.jpg', 8),
       (23, 'https://collegiate-portal.s3.eu-west-2.amazonaws.com/collegiate-derby-romanhouse-twodio.jpg', 8),
       (24, 'http://cdn.shopify.com/s/files/1/0004/4630/0222/articles/top-10-modern-interior-designers_7aa91b70-0ecf-441f-845b-067c09148d05_1024x1024.jpg?v=1582196808', 8),
       (25, 'https://q-xx.bstatic.com/xdata/images/hotel/840x460/95024620.jpg?k=df17293ee20498e7a4bd952c3df0d527eb111fc6ca10a78c5601229eb60752be&o=', 9),
       (26, 'https://encrypted-tbn0.gstatic.com/images?q=tbn:ANd9GcSUvcWw3DJEry8qgFJyxyZdILc8l8iunKpl_A&usqp=CAU', 9),
       (27, 'https://encrypted-tbn0.gstatic.com/images?q=tbn:ANd9GcSdZ2yxJCD2fIxNtDzp35OoqTGDuLOkIhDe9g&usqp=CAU', 9),
       (28, 'https://encrypted-tbn0.gstatic.com/images?q=tbn:ANd9GcSkBIRg1nvlkOBctXvKDkqKJoL2OiVn49FooA&usqp=CAU', 10),
       (29, 'https://encrypted-tbn0.gstatic.com/images?q=tbn:ANd9GcQY0NGZFQZDiM4NNxRJq4SwdGOy3hOEgqfn45uzdJQAd0gzWWG9i36f6dT-mp1CBy1McFo&usqp=CAU', 10),
       (30, 'https://www.taylorstracks.com/wp-content/uploads/2020/12/Rydges-Wellington-New-Zealand.jpg', 10),
       (31, 'https://nzpocketguide.com/wp-content/uploads/2019/10/Wellington-best-hotels-Credit-Rydges-Wellington.jpg', 11),
       (32, 'https://3dwarehouse.sketchup.com/warehouse/v1.0/publiccontent/54aa2c88-fbab-4584-b22f-2b6b636b0d3f', 11),
       (33, 'https://encrypted-tbn0.gstatic.com/images?q=tbn:ANd9GcSXG8NzKwYHNwAgJy5XNpYMhBsn692aqUimd1lM18Kd0CmreKx5YON6bbUeMzOm6yUSWg0&usqp=CAU', 11),
       (34, 'https://cf.bstatic.com/xdata/images/hotel/max1024x768/298463552.jpg?k=8d24491d01c2170c659a46da2441a6f3174de150abf11aff25afe3bf131a3df0&o=&hp=1', 12),
       (35, 'https://q-xx.bstatic.com/images/hotel/max1024x768/950/95030981.jpg', 12),
       (36, 'https://q-xx.bstatic.com/xdata/images/hotel/840x460/95024620.jpg?k=df17293ee20498e7a4bd952c3df0d527eb111fc6ca10a78c5601229eb60752be&o=', 12);